-- MySQL Script generated by MySQL Workbench
-- Fri Jul  3 23:56:23 2026
-- Model: New Model    Version: 1.0
-- MySQL Workbench Forward Engineering

SET @OLD_UNIQUE_CHECKS=@@UNIQUE_CHECKS, UNIQUE_CHECKS=0;
SET @OLD_FOREIGN_KEY_CHECKS=@@FOREIGN_KEY_CHECKS, FOREIGN_KEY_CHECKS=0;
SET @OLD_SQL_MODE=@@SQL_MODE, SQL_MODE='ONLY_FULL_GROUP_BY,STRICT_TRANS_TABLES,NO_ZERO_IN_DATE,NO_ZERO_DATE,ERROR_FOR_DIVISION_BY_ZERO,NO_ENGINE_SUBSTITUTION';

-- -----------------------------------------------------
-- Schema bd1
-- -----------------------------------------------------

-- -----------------------------------------------------
-- Schema bd1
-- -----------------------------------------------------
CREATE SCHEMA IF NOT EXISTS `bd1` DEFAULT CHARACTER SET utf8 ;
USE `bd1` ;

-- -----------------------------------------------------
-- Table `bd1`.`Coordenador`
-- -----------------------------------------------------
CREATE TABLE IF NOT EXISTS `bd1`.`Coordenador` (
  `idCoordenador` INT NOT NULL,
  `nome_coordenador` VARCHAR(45) NOT NULL,
  `data_nascimento` DATE NOT NULL,
  `cpf` VARCHAR(11) NOT NULL,
  `sexo` VARCHAR(20) NOT NULL,
  `matricula` VARCHAR(45) NOT NULL,
  PRIMARY KEY (`idCoordenador`),
  UNIQUE INDEX `cpf_UNIQUE` (`cpf` ASC) VISIBLE,
  UNIQUE INDEX `matricula_UNIQUE` (`matricula` ASC) VISIBLE)
ENGINE = InnoDB;


-- -----------------------------------------------------
-- Table `bd1`.`Endereco`
-- -----------------------------------------------------
CREATE TABLE IF NOT EXISTS `bd1`.`Endereco` (
  `idEndereco` INT NOT NULL,
  `logadouro` VARCHAR(45) NOT NULL,
  `numero` VARCHAR(45) NOT NULL,
  `cidade` VARCHAR(45) NOT NULL,
  `estado` VARCHAR(45) NOT NULL,
  `bairro` VARCHAR(45) NOT NULL,
  `cep` VARCHAR(45) NOT NULL,
  PRIMARY KEY (`idEndereco`))
ENGINE = InnoDB;


-- -----------------------------------------------------
-- Table `mydb`.`Campus`
-- -----------------------------------------------------
CREATE TABLE IF NOT EXISTS `bd1`.`Campus` (
  `idCampus` INT NOT NULL,
  `nome` VARCHAR(45) NOT NULL,
  `sigla` VARCHAR(45) NOT NULL,
  `idEndereco` INT NOT NULL,
  PRIMARY KEY (`idCampus`),
  INDEX `fk_Campus_Endereco1_idx` (`idEndereco` ASC) VISIBLE,
  CONSTRAINT `fk_Campus_Endereco1`
    FOREIGN KEY (`idEndereco`)
    REFERENCES `bd1`.`Endereco` (`idEndereco`)
    ON DELETE NO ACTION
    ON UPDATE NO ACTION)
ENGINE = InnoDB;


-- -----------------------------------------------------
-- Table `bd1`.`Faculdade`
-- -----------------------------------------------------
CREATE TABLE IF NOT EXISTS `bd1`.`Faculdade` (
  `idFaculdade` INT NOT NULL,
  `nome` VARCHAR(45) NOT NULL,
  `idCampus` INT NOT NULL,
  PRIMARY KEY (`idFaculdade`),
  INDEX `fk_Faculdade_Campus1_idx` (`idCampus` ASC) VISIBLE,
  CONSTRAINT `fk_Faculdade_Campus1`
    FOREIGN KEY (`idCampus`)
    REFERENCES `bd1`.`Campus` (`idCampus`)
    ON DELETE NO ACTION
    ON UPDATE NO ACTION)
ENGINE = InnoDB;


-- -----------------------------------------------------
-- Table `bd1`.`Curso`
-- -----------------------------------------------------
CREATE TABLE IF NOT EXISTS `bd1`.`Curso` (
  `idCurso` INT NOT NULL,
  `nome_curso` VARCHAR(45) NOT NULL,
  `nivel_curso` VARCHAR(45) NOT NULL,
  `duracao_curso` VARCHAR(45) NOT NULL,
  `idFaculdade` INT NOT NULL,
  PRIMARY KEY (`idCurso`),
  INDEX `fk_Curso_Faculdade1_idx` (`idFaculdade` ASC) VISIBLE,
  CONSTRAINT `fk_Curso_Faculdade1`
    FOREIGN KEY (`idFaculdade`)
    REFERENCES `bd1`.`Faculdade` (`idFaculdade`)
    ON DELETE NO ACTION
    ON UPDATE NO ACTION)
ENGINE = InnoDB;


-- -----------------------------------------------------
-- Table `bd1`.`Discente`
-- -----------------------------------------------------
CREATE TABLE IF NOT EXISTS `bd1`.`Discente` (
  `idDiscente` INT NOT NULL,
  `matricula_discente` VARCHAR(12) NOT NULL,
  `data_ingresso` DATE NOT NULL,
  `periodo_letivo` INT NOT NULL,
  `nome_discente` VARCHAR(45) NOT NULL,
  `data_nascimento` DATE NOT NULL,
  `cpf` VARCHAR(11) NOT NULL,
  `sexo` VARCHAR(20) NOT NULL,
  `idCurso` INT NOT NULL,
  PRIMARY KEY (`idDiscente`),
  UNIQUE INDEX `matricula_discente_UNIQUE` (`matricula_discente` ASC) VISIBLE,
  UNIQUE INDEX `cpf_UNIQUE` (`cpf` ASC) VISIBLE,
  INDEX `fk_Discente_Curso1_idx` (`idCurso` ASC) VISIBLE,
  CONSTRAINT `fk_Discente_Curso1`
    FOREIGN KEY (`idCurso`)
    REFERENCES `bd1`.`Curso` (`idCurso`)
    ON DELETE NO ACTION
    ON UPDATE NO ACTION)
ENGINE = InnoDB;


-- -----------------------------------------------------
-- Table `bd1`.`Solicitacao_acc`
-- -----------------------------------------------------
CREATE TABLE IF NOT EXISTS `bd1`.`Solicitacao_acc` (
  `idSolicitacao_acc` INT NOT NULL,
  `data_submissao` DATE NOT NULL,
  `situacao_solicitacao` VARCHAR(45) NOT NULL,
  `carga_horaria_declarada` INT NOT NULL,
  `na_area` VARCHAR(45) NOT NULL,
  `idDiscente` INT NOT NULL,
  PRIMARY KEY (`idSolicitacao_acc`, `idDiscente`),
  INDEX `fk_Solicitacao_acc_Discente1_idx` (`idDiscente` ASC) VISIBLE,
  CONSTRAINT `fk_Solicitacao_acc_Discente1`
    FOREIGN KEY (`idDiscente`)
    REFERENCES `bd1`.`Discente` (`idDiscente`)
    ON DELETE NO ACTION
    ON UPDATE NO ACTION)
ENGINE = InnoDB;


-- -----------------------------------------------------
-- Table `bd1`.`Documento_comprovatorio`
-- -----------------------------------------------------
CREATE TABLE IF NOT EXISTS `bd1`.`Documento_comprovatorio` (
  `idDocumento_comprovatorio` INT NOT NULL,
  `caminho_arquivo` BLOB NOT NULL,
  `data_upload` TIME NOT NULL,
  `idSolicitacao_acc` INT NOT NULL,
  `idDiscente` INT NOT NULL,
  PRIMARY KEY (`idDocumento_comprovatorio`, `idSolicitacao_acc`, `idDiscente`),
  INDEX `fk_Documento_comprovatorio_Solicitacao_acc1_idx` (`idSolicitacao_acc` ASC, `idDiscente` ASC) VISIBLE,
  CONSTRAINT `fk_Documento_comprovatorio_Solicitacao_acc1`
    FOREIGN KEY (`idSolicitacao_acc` , `idDiscente`)
    REFERENCES `bd1`.`Solicitacao_acc` (`idSolicitacao_acc` , `idDiscente`)
    ON DELETE NO ACTION
    ON UPDATE NO ACTION)
ENGINE = InnoDB;


-- -----------------------------------------------------
-- Table `bd1`.`Categoria_acc`
-- -----------------------------------------------------
CREATE TABLE IF NOT EXISTS `bd1`.`Categoria_acc` (
  `idCategoria_acc` INT NOT NULL,
  `codigo_inciso` VARCHAR(45) NOT NULL,
  `descricao` TEXT NOT NULL,
  `tipo_calculo` VARCHAR(45) NOT NULL,
  PRIMARY KEY (`idCategoria_acc`))
ENGINE = InnoDB;


-- -----------------------------------------------------
-- Table `bd1`.`Atividade_complementar`
-- -----------------------------------------------------
CREATE TABLE IF NOT EXISTS `bd1`.`Atividade_complementar` (
  `idAtividade_complementar` INT NOT NULL,
  `descricao_atividade` TEXT NOT NULL,
  `carga_atividade` INT NOT NULL,
  `idSolicitacao_acc` INT NOT NULL,
  `idDiscente` INT NOT NULL,
  `idCategoria_acc` INT NOT NULL,
  PRIMARY KEY (`idAtividade_complementar`),
  INDEX `fk_Atividade_complementar_Solicitacao_acc1_idx` (`idSolicitacao_acc` ASC, `idDiscente` ASC) VISIBLE,
  INDEX `fk_Atividade_complementar_Categoria_acc1_idx` (`idCategoria_acc` ASC) VISIBLE,
  CONSTRAINT `fk_Atividade_complementar_Solicitacao_acc1`
    FOREIGN KEY (`idSolicitacao_acc` , `idDiscente`)
    REFERENCES `bd1`.`Solicitacao_acc` (`idSolicitacao_acc` , `idDiscente`)
    ON DELETE NO ACTION
    ON UPDATE NO ACTION,
  CONSTRAINT `fk_Atividade_complementar_Categoria_acc1`
    FOREIGN KEY (`idCategoria_acc`)
    REFERENCES `bd1`.`Categoria_acc` (`idCategoria_acc`)
    ON DELETE NO ACTION
    ON UPDATE NO ACTION)
ENGINE = InnoDB;


-- -----------------------------------------------------
-- Table `bd1`.`Certificado`
-- -----------------------------------------------------
CREATE TABLE IF NOT EXISTS `bd1`.`Certificado` (
  `idCertificado` INT NOT NULL,
  `horas_certificado` INT NOT NULL,
  `descricao_tarefa` VARCHAR(45) NOT NULL,
  `data_certificado` DATE NOT NULL,
  `emissor_certificado` VARCHAR(45) NOT NULL,
  `idAtividade_complementar` INT NOT NULL,
  `Coordenador_idCoordenador` INT NOT NULL,
  PRIMARY KEY (`idCertificado`),
  INDEX `fk_Certificado_Atividade_complementar1_idx` (`idAtividade_complementar` ASC) VISIBLE,
  INDEX `fk_Certificado_Coordenador1_idx` (`Coordenador_idCoordenador` ASC) VISIBLE,
  CONSTRAINT `fk_Certificado_Atividade_complementar1`
    FOREIGN KEY (`idAtividade_complementar`)
    REFERENCES `bd1`.`Atividade_complementar` (`idAtividade_complementar`)
    ON DELETE NO ACTION
    ON UPDATE NO ACTION,
  CONSTRAINT `fk_Certificado_Coordenador1`
    FOREIGN KEY (`Coordenador_idCoordenador`)
    REFERENCES `bd1`.`Coordenador` (`idCoordenador`)
    ON DELETE NO ACTION
    ON UPDATE NO ACTION)
ENGINE = InnoDB;

USE `bd1`;

-- 1. TABELA: Endereco
INSERT INTO `Endereco` (`idEndereco`, `logadouro`, `numero`, `cidade`, `estado`, `bairro`, `cep`) VALUES
(1, 'Avenida dos Universitários', '500', 'Marabá', 'PA', 'Cidade Universitária', '68500-000'),
(2, 'Rua da Tecnologia', '12', 'Marabá', 'PA', 'Nova Marabá', '68505-100');

-- 2. TABELA: Campus (Vinculado aos Endereços 1 e 2)
INSERT INTO `Campus` (`idCampus`, `nome`, `sigla`, `idEndereco`) VALUES
(1, 'Campus Unidade III', 'CAMPUS III', 1),
(2, 'Campus Unidade II', 'CAMPUS II', 2);

-- 3. TABELA: Faculdade (Vinculada aos Campus 1 e 2)
INSERT INTO `Faculdade` (`idFaculdade`, `nome`, `idCampus`) VALUES
(1, 'Faculdade de Sistemas de Informação (FACSI)', 1),
(2, 'Faculdade de Engenharia', 2);

-- 4. TABELA: Curso (Vinculado às Faculdades 1 e 2)
INSERT INTO `Curso` (`idCurso`, `nome_curso`, `nivel_curso`, `duracao_curso`, `idFaculdade`) VALUES
(1, 'Sistemas de Informação', 'Graduação', '4 anos', 1),
(2, 'Engenharia de Computação', 'Graduação', '5 anos', 2);

-- 5. TABELA: Coordenador
INSERT INTO `Coordenador` (`idCoordenador`, `nome_coordenador`, `data_nascimento`, `cpf`, `sexo`, `matricula`) VALUES
(1, 'Prof. Dr. Carlos Souza', '1980-05-14', '12345678901', 'Masculino', 'COORD01'),
(2, 'Profa. Dra. Maria Lima', '1985-09-22', '98765432100', 'Feminino', 'COORD02');

-- 6. TABELA: Discente (Todos vinculados ao Curso 1 para os testes da FACSI)
INSERT INTO `Discente` (`idDiscente`, `matricula_discente`, `data_ingresso`, `periodo_letivo`, `nome_discente`, `data_nascimento`, `cpf`, `sexo`, `idCurso`) VALUES
(1, '2026100SI', '2023-02-10', 20261, 'Pedro Silva', '2002-04-18', '11122233344', 'Masculino', 1),
(2, '2026200SI', '2023-02-10', 20261, 'Mariana Costa', '2003-08-25', '55566677788', 'Feminino', 1),
(3, '2026300SI', '2023-08-15', 20261, 'Lucas Albuquerque', '2001-11-05', '22233344455', 'Masculino', 1),
(4, '2026400SI', '2024-02-10', 20261, 'Beatriz Rocha', '2004-01-30', '66677788899', 'Feminino', 1),
(5, '2026500SI', '2024-02-10', 20261, 'Rodrigo Melo', '2002-07-14', '33344455566', 'Masculino', 1),
(6, '2026600SI', '2023-08-15', 20261, 'Juliana Mendes', '2003-03-22', '44455566677', 'Feminino', 1);

-- 7. TABELA: Solicitacao_acc (IDs de 1 a 6 vinculados aos Alunos de 1 a 6
INSERT INTO `Solicitacao_acc` (`idSolicitacao_acc`, `data_submissao`, `situacao_solicitacao`, `carga_horaria_declarada`, `na_area`, `idDiscente`) VALUES
(1, '2026-07-01', 'DEFERIDO', 90, 'SIM', 1), -- Pedro (Aluno 1)
(2, '2026-07-02', 'DEFERIDO', 25, 'SIM', 2), -- Mariana (Aluno 2)
(3, '2026-07-03', 'DEFERIDO', 55, 'SIM', 3), -- Lucas (Aluno 3)
(4, '2026-07-04', 'DEFERIDO', 51, 'SIM', 4), -- Beatriz (Aluno 4)
(5, '2026-07-05', 'ANALISE', 32, 'SIM', 5),  -- Rodrigo (Aluno 5 - Em Análise)
(6, '2026-07-06', 'ANALISE', 10, 'SIM', 6);  -- Juliana (Aluno 6 - Em Análise)


-- 8. TABELA: Documento_comprovatorio (IDs de 1 a 6 mapeados perfeitamente)
INSERT INTO `Documento_comprovatorio` (`idDocumento_comprovatorio`, `caminho_arquivo`, `data_upload`, `idSolicitacao_acc`, `idDiscente`) VALUES
(1, 'CONTEUDO_DO_PDF_EM_BYTES', '14:30:00', 1, 1),
(2, 'CONTEUDO_DO_PDF_EM_BYTES', '16:15:22', 2, 2),
(3, 'CONTEUDO_DO_PDF_EM_BYTES', '10:05:00', 3, 3),
(4, 'CONTEUDO_DO_PDF_EM_BYTES', '09:30:00', 4, 4),
(5, 'CONTEUDO_DO_PDF_EM_BYTES', '14:00:00', 5, 5),
(6, 'CONTEUDO_DO_PDF_EM_BYTES', '15:55:12', 6, 6);

-- 9. TABELA: Categoria_acc (Mantidos os 17 incisos regulamentares do curso)
INSERT INTO `Categoria_acc` (`idCategoria_acc`, `codigo_inciso`, `descricao`, `tipo_calculo`) VALUES
(1, 'INCISO I', 'Maratona/Gincana de Computação (1º lugar: 15pts | 2º lugar: 10pts)', 'FIXO'),
(2, 'INCISO II', 'Atividades técnicas na Empresa Júnior da FACSI (5 a 10 pontos)', 'VARIÁVEL'),
(3, 'INCISO III', 'Projetos de Extensão em comunidades carentes - Unifesspa (20 pontos por ano)', 'FIXO'),
(4, 'INCISO IV', 'Projetos de Pesquisa aprovados na Unifesspa (20 pontos por ano)', 'FIXO'),
(5, 'INCISO V', 'Projetos de Ensino aprovados na Unifesspa (10 pontos por ano)', 'FIXO'),
(6, 'INCISO VI', 'Atividade de Monitoria em disciplinas de Computação (10 pontos)', 'FIXO'),
(7, 'INCISO VII', 'Atividade acadêmica a distância promovida por IES (5 a 10 pontos)', 'VARIÁVEL'),
(8, 'INCISO VIII', 'Concurso Excelência em TCC promovido pela FACSI (1º lugar: 15pts | 2º lugar: 10pts)', 'FIXO'),
(9, 'INCISO IX', 'Estágio não obrigatório na área de Computação (3 pontos por mês)', 'MENSAL'),
(10, 'INCISO X', 'Grupos de Estudos supervisionados por professores da FACSI (10 pontos por ano)', 'FIXO'),
(11, 'INCISO XI', 'Vínculo empregatício atuando na área de Computação (2 pontos por mês)', 'MENSAL'),
(12, 'INCISO XII', 'Representação Discente no Conselho da FACSI ou Estudantil (3 pontos por semestre)', 'SEMESTRAL'),
(13, 'INCISO XIII', 'Visitas Técnicas Extracurriculares promovidas pela FACSI (5 pontos por visita)', 'FIXO'),
(14, 'INCISO XIV', 'Realização de Palestras Extracurriculares (3 pontos por palestra)', 'FIXO'),
(15, 'INCISO XV', 'Ministrante de minicurso na área de Computação (Pontos = 1/2 das horas)', 'DIVIDIDO'),
(16, 'INCISO XVI', 'Participação in curso/minicurso (Computação: 1/2 das horas | Fora: 1/4 das horas)', 'DIVIDIDO'),
(17, 'INCISO XVII', 'Organização ou participação de atividades culturais ou esportivas (2 pontos por evento)', 'FIXO');

-- 10. TABELA: Atividade_complementar (IDs de 1 a 6 vinculados aos Alunos)
INSERT INTO `Atividade_complementar` (`idAtividade_complementar`, `descricao_atividade`, `carga_atividade`, `idSolicitacao_acc`, `idDiscente`, `idCategoria_acc`) VALUES
(1, 'Projeto de Pesquisa em BD', 90, 1, 1, 4),  -- Aluno 1: 90 pts (Integralizado)
(2, 'Participação em Maratona SBC', 25, 2, 2, 1), -- Aluno 2: 25 pts (Pendente)
(3, 'Estágio na Fábrica de Software', 55, 3, 3, 9), -- Aluno 3: 55 pts (Integralizado)
(4, 'Iniciação Científica FACSI', 51, 4, 4, 4),   -- Aluno 4: 51 pts (Integralizado Exato)
(5, 'Monitoria de Programação', 32, 5, 5, 6),    -- Aluno 5: 32 pts (Pendente)
(6, 'Participação em Evento Cultural', 0, 6, 6, 17); -- Aluno 6: 0 pts (Pendente)

-- 11. TABELA: Certificado (IDs de 1 a 6 vinculados às Atividades e Coordenadores)
INSERT INTO `Certificado` (`idCertificado`, `horas_certificado`, `descricao_tarefa`, `data_certificado`, `emissor_certificado`, `idAtividade_complementar`, `Coordenador_idCoordenador`) VALUES
(1, 90, 'Validação de Pesquisa', '2026-07-05', 'PROPUSP', 1, 1),
(2, 25, 'Validação de Maratona', '2026-07-06', 'SBC', 2, 2),
(3, 55, 'Validação de Estágio', '2026-07-07', 'Empresa X', 3, 1),
(4, 51, 'Validação de IC', '2026-07-08', 'FACSI', 4, 1),
(5, 32, 'Validação de Monitoria', '2026-07-09', 'FACSI', 5, 1),
(6, 10, 'Análise de Evento Esportivo', '2026-07-10', 'FACSI', 6, 2);

SET SQL_MODE=@OLD_SQL_MODE;
SET FOREIGN_KEY_CHECKS=@OLD_FOREIGN_KEY_CHECKS;
SET UNIQUE_CHECKS=@OLD_UNIQUE_CHECKS;

SHOW TABLES;

SELECT *
FROM endereco;
SELECT *
FROM campus;
SELECT *
FROM faculdade;
SELECT *
FROM curso;
SELECT *
FROM discente;
SELECT *
FROM Categoria_acc;
SELECT *
FROM certificado;